{
     "accuracy": 0.9794007490636704,
     "precision": 0.9775112443778111,
     "recall": 0.9893778452200304
}